Title,Traffic volume,Link,Date,Geo Location
ATM,5K+,https://trends.google.com//trends/explore?q=ATM&date=now+7-d&geo=AR,"Tuesday, 28 January 2025",AR
Santiago Castro Videla,2K+,https://trends.google.com//trends/explore?q=Santiago+Castro+Videla&date=now+7-d&geo=AR,"Tuesday, 28 January 2025",AR
Randstad,2K+,https://trends.google.com//trends/explore?q=Randstad&date=now+7-d&geo=AR,"Tuesday, 28 January 2025",AR
Los Palmeras,2K+,https://trends.google.com//trends/explore?q=Los+Palmeras&date=now+7-d&geo=AR,"Tuesday, 28 January 2025",AR
Tomas Nasif,2K+,https://trends.google.com//trends/explore?q=Tomas+Nasif&date=now+7-d&geo=AR,"Tuesday, 28 January 2025",AR
Sandra Dillon,2K+,https://trends.google.com//trends/explore?q=Sandra+Dillon&date=now+7-d&geo=AR,"Tuesday, 28 January 2025",AR
Davos,2K+,https://trends.google.com//trends/explore?q=Davos&date=now+7-d&geo=AR,"Tuesday, 28 January 2025",AR
Kevin Castaño,2K+,https://trends.google.com//trends/explore?q=Kevin+Casta%C3%B1o&date=now+7-d&geo=AR,"Tuesday, 28 January 2025",AR
Santos,2K+,https://trends.google.com//trends/explore?q=Santos&date=now+7-d&geo=AR,"Tuesday, 28 January 2025",AR
Uruguay Sub-20  Paraguay Sub-20,2K+,https://trends.google.com//trends/explore?q=Uruguay+Sub-20++Paraguay+Sub-20&date=now+7-d&geo=AR,"Tuesday, 28 January 2025",AR
Horst Janson,2K+,https://trends.google.com//trends/explore?q=Horst+Janson&date=now+7-d&geo=AT,"Tuesday, 28 January 2025",AT
Neymar,1K+,https://trends.google.com//trends/explore?q=Neymar&date=now+7-d&geo=AT,"Tuesday, 28 January 2025",AT
Selena Gomez,1K+,https://trends.google.com//trends/explore?q=Selena+Gomez&date=now+7-d&geo=AT,"Tuesday, 28 January 2025",AT
Ane,1K+,https://trends.google.com//trends/explore?q=Ane&date=now+7-d&geo=AT,"Tuesday, 28 January 2025",AT
iOS 18.3,500+,https://trends.google.com//trends/explore?q=iOS+18.3&date=now+7-d&geo=AT,"Tuesday, 28 January 2025",AT
Radja Nainggolan,500+,https://trends.google.com//trends/explore?q=Radja+Nainggolan&date=now+7-d&geo=AT,"Tuesday, 28 January 2025",AT
Milos Vucevic,500+,https://trends.google.com//trends/explore?q=Milos+Vucevic&date=now+7-d&geo=AT,"Tuesday, 28 January 2025",AT
Jonas Urbig,500+,https://trends.google.com//trends/explore?q=Jonas+Urbig&date=now+7-d&geo=AT,"Tuesday, 28 January 2025",AT
Vinfast,500+,https://trends.google.com//trends/explore?q=Vinfast&date=now+7-d&geo=AT,"Tuesday, 28 January 2025",AT
Willi Gabalier,500+,https://trends.google.com//trends/explore?q=Willi+Gabalier&date=now+7-d&geo=AT,"Tuesday, 28 January 2025",AT
MAUSER 25,500+,https://trends.google.com//trends/explore?q=MAUSER+25&date=now+7-d&geo=AT,"Tuesday, 28 January 2025",AT
Chinese New Year 2025,50K+,https://trends.google.com//trends/explore?q=Chinese+New+Year+2025&date=now+7-d&geo=AU,"Tuesday, 28 January 2025",AU
Sam Abdulrahim,50K+,https://trends.google.com//trends/explore?q=Sam+Abdulrahim&date=now+7-d&geo=AU,"Tuesday, 28 January 2025",AU
Sydney weather,20K+,https://trends.google.com//trends/explore?q=Sydney+weather&date=now+7-d&geo=AU,"Tuesday, 28 January 2025",AU
Oz Lotto,20K+,https://trends.google.com//trends/explore?q=Oz+Lotto&date=now+7-d&geo=AU,"Tuesday, 28 January 2025",AU
Lunar new Year 2025,20K+,https://trends.google.com//trends/explore?q=Lunar+new+Year+2025&date=now+7-d&geo=AU,"Tuesday, 28 January 2025",AU
Selena Gomez,5K+,https://trends.google.com//trends/explore?q=Selena+Gomez&date=now+7-d&geo=AU,"Tuesday, 28 January 2025",AU
NVDA,5K+,https://trends.google.com//trends/explore?q=NVDA&date=now+7-d&geo=AU,"Tuesday, 28 January 2025",AU
S&P 500,2K+,https://trends.google.com//trends/explore?q=S%26P+500&date=now+7-d&geo=AU,"Tuesday, 28 January 2025",AU
Vitamin B6,2K+,https://trends.google.com//trends/explore?q=Vitamin+B6&date=now+7-d&geo=AU,"Tuesday, 28 January 2025",AU
Neymar,2K+,https://trends.google.com//trends/explore?q=Neymar&date=now+7-d&geo=AU,"Tuesday, 28 January 2025",AU
Oz Lotto draw,2K+,https://trends.google.com//trends/explore?q=Oz+Lotto+draw&date=now+7-d&geo=AU,"Tuesday, 28 January 2025",AU
LaMelo Ball,2K+,https://trends.google.com//trends/explore?q=LaMelo+Ball&date=now+7-d&geo=AU,"Tuesday, 28 January 2025",AU
Lakers,2K+,https://trends.google.com//trends/explore?q=Lakers&date=now+7-d&geo=AU,"Tuesday, 28 January 2025",AU
Cryptocurrency,2K+,https://trends.google.com//trends/explore?q=Cryptocurrency&date=now+7-d&geo=AU,"Tuesday, 28 January 2025",AU
Chinese zodiac,2K+,https://trends.google.com//trends/explore?q=Chinese+zodiac&date=now+7-d&geo=AU,"Tuesday, 28 January 2025",AU
Leeds United,2K+,https://trends.google.com//trends/explore?q=Leeds+United&date=now+7-d&geo=AU,"Tuesday, 28 January 2025",AU
ADHD,2K+,https://trends.google.com//trends/explore?q=ADHD&date=now+7-d&geo=AU,"Tuesday, 28 January 2025",AU
Cyclone qld,2K+,https://trends.google.com//trends/explore?q=Cyclone+qld&date=now+7-d&geo=AU,"Tuesday, 28 January 2025",AU
White Lotus season 3,2K+,https://trends.google.com//trends/explore?q=White+Lotus+season+3&date=now+7-d&geo=AU,"Tuesday, 28 January 2025",AU
David Coote,2K+,https://trends.google.com//trends/explore?q=David+Coote&date=now+7-d&geo=AU,"Tuesday, 28 January 2025",AU
Catherine Laborde,10K+,https://trends.google.com//trends/explore?q=Catherine+Laborde&date=now+7-d&geo=BE,"Tuesday, 28 January 2025",BE
Neymar,2K+,https://trends.google.com//trends/explore?q=Neymar&date=now+7-d&geo=BE,"Tuesday, 28 January 2025",BE
Selena Gomez,1K+,https://trends.google.com//trends/explore?q=Selena+Gomez&date=now+7-d&geo=BE,"Tuesday, 28 January 2025",BE
Jean-Jacques Wondo,1K+,https://trends.google.com//trends/explore?q=Jean-Jacques+Wondo&date=now+7-d&geo=BE,"Tuesday, 28 January 2025",BE
iOS 18.3,500+,https://trends.google.com//trends/explore?q=iOS+18.3&date=now+7-d&geo=BE,"Tuesday, 28 January 2025",BE
UCLouvain,500+,https://trends.google.com//trends/explore?q=UCLouvain&date=now+7-d&geo=BE,"Tuesday, 28 January 2025",BE
Filmes em cartaz,10K+,https://trends.google.com//trends/explore?q=Filmes+em+cartaz&date=now+7-d&geo=BR,"Tuesday, 28 January 2025",BR
Lakers,10K+,https://trends.google.com//trends/explore?q=Lakers&date=now+7-d&geo=BR,"Tuesday, 28 January 2025",BR
Marina Colasanti,10K+,https://trends.google.com//trends/explore?q=Marina+Colasanti&date=now+7-d&geo=BR,"Tuesday, 28 January 2025",BR
ProUni inscrição 2025,5K+,https://trends.google.com//trends/explore?q=ProUni+inscri%C3%A7%C3%A3o+2025&date=now+7-d&geo=BR,"Tuesday, 28 January 2025",BR
Semana do Cinema,5K+,https://trends.google.com//trends/explore?q=Semana+do+Cinema&date=now+7-d&geo=BR,"Tuesday, 28 January 2025",BR
Daniel Cravinhos,2K+,https://trends.google.com//trends/explore?q=Daniel+Cravinhos&date=now+7-d&geo=BR,"Tuesday, 28 January 2025",BR
Fortaleza esporte Clube,2K+,https://trends.google.com//trends/explore?q=Fortaleza+esporte+Clube&date=now+7-d&geo=BR,"Tuesday, 28 January 2025",BR
IND vs ENG,10K+,https://trends.google.com//trends/explore?q=IND+vs+ENG&date=now+7-d&geo=CA,"Tuesday, January 28, 2025",CA
Raptors,10K+,https://trends.google.com//trends/explore?q=Raptors&date=now+7-d&geo=CA,"Tuesday, January 28, 2025",CA
Google Maps Gulf of Mexico,5K+,https://trends.google.com//trends/explore?q=Google+Maps+Gulf+of+Mexico&date=now+7-d&geo=CA,"Tuesday, January 28, 2025",CA
Lakers,5K+,https://trends.google.com//trends/explore?q=Lakers&date=now+7-d&geo=CA,"Tuesday, January 28, 2025",CA
Dominik Shine,2K+,https://trends.google.com//trends/explore?q=Dominik+Shine&date=now+7-d&geo=CA,"Tuesday, January 28, 2025",CA
Shaboozey,2K+,https://trends.google.com//trends/explore?q=Shaboozey&date=now+7-d&geo=CA,"Tuesday, January 28, 2025",CA
Jim Acosta,2K+,https://trends.google.com//trends/explore?q=Jim+Acosta&date=now+7-d&geo=CA,"Tuesday, January 28, 2025",CA
The Bachelor,2K+,https://trends.google.com//trends/explore?q=The+Bachelor&date=now+7-d&geo=CA,"Tuesday, January 28, 2025",CA
Apple iOS 18.3,2K+,https://trends.google.com//trends/explore?q=Apple+iOS+18.3&date=now+7-d&geo=CA,"Tuesday, January 28, 2025",CA
Catherine Laborde,5K+,https://trends.google.com//trends/explore?q=Catherine+Laborde&date=now+7-d&geo=CH,"Tuesday, 28 January 2025",CH
Ane,2K+,https://trends.google.com//trends/explore?q=Ane&date=now+7-d&geo=CH,"Tuesday, 28 January 2025",CH
Markus Ritter,2K+,https://trends.google.com//trends/explore?q=Markus+Ritter&date=now+7-d&geo=CH,"Tuesday, 28 January 2025",CH
Coca-Cola rückrufaktion,2K+,https://trends.google.com//trends/explore?q=Coca-Cola+r%C3%BCckrufaktion&date=now+7-d&geo=CH,"Tuesday, 28 January 2025",CH
Boris Becker,2K+,https://trends.google.com//trends/explore?q=Boris+Becker&date=now+7-d&geo=CH,"Tuesday, 28 January 2025",CH
Neymar,2K+,https://trends.google.com//trends/explore?q=Neymar&date=now+7-d&geo=CH,"Tuesday, 28 January 2025",CH
Coca-Cola rappel massif,2K+,https://trends.google.com//trends/explore?q=Coca-Cola+rappel+massif&date=now+7-d&geo=CH,"Tuesday, 28 January 2025",CH
Horst Janson,1K+,https://trends.google.com//trends/explore?q=Horst+Janson&date=now+7-d&geo=CH,"Tuesday, 28 January 2025",CH
iOS 18.3,1K+,https://trends.google.com//trends/explore?q=iOS+18.3&date=now+7-d&geo=CH,"Tuesday, 28 January 2025",CH
Timur Ülker,1K+,https://trends.google.com//trends/explore?q=Timur+%C3%9Clker&date=now+7-d&geo=CH,"Tuesday, 28 January 2025",CH
Alessia Herren,1K+,https://trends.google.com//trends/explore?q=Alessia+Herren&date=now+7-d&geo=CH,"Tuesday, 28 January 2025",CH
Culcha Candela,500+,https://trends.google.com//trends/explore?q=Culcha+Candela&date=now+7-d&geo=CH,"Tuesday, 28 January 2025",CH
SLF,500+,https://trends.google.com//trends/explore?q=SLF&date=now+7-d&geo=CH,"Tuesday, 28 January 2025",CH
Simone Veil,500+,https://trends.google.com//trends/explore?q=Simone+Veil&date=now+7-d&geo=CH,"Tuesday, 28 January 2025",CH
Romeo Lacher Julius Bär,500+,https://trends.google.com//trends/explore?q=Romeo+Lacher+Julius+B%C3%A4r&date=now+7-d&geo=CH,"Tuesday, 28 January 2025",CH
Michelle Gisin,500+,https://trends.google.com//trends/explore?q=Michelle+Gisin&date=now+7-d&geo=CH,"Tuesday, 28 January 2025",CH
Amazon-Aktie,500+,https://trends.google.com//trends/explore?q=Amazon-Aktie&date=now+7-d&geo=CH,"Tuesday, 28 January 2025",CH
NASDAQ Index,500+,https://trends.google.com//trends/explore?q=NASDAQ+Index&date=now+7-d&geo=CH,"Tuesday, 28 January 2025",CH
Ammerzwil,500+,https://trends.google.com//trends/explore?q=Ammerzwil&date=now+7-d&geo=CH,"Tuesday, 28 January 2025",CH
Renato Veiga,500+,https://trends.google.com//trends/explore?q=Renato+Veiga&date=now+7-d&geo=CH,"Tuesday, 28 January 2025",CH
TVN,5K+,https://trends.google.com//trends/explore?q=TVN&date=now+7-d&geo=CL,"Tuesday, 28 January 2025",CL
Reforma de pensiones,5K+,https://trends.google.com//trends/explore?q=Reforma+de+pensiones&date=now+7-d&geo=CL,"Tuesday, 28 January 2025",CL
Neymar,2K+,https://trends.google.com//trends/explore?q=Neymar&date=now+7-d&geo=CL,"Tuesday, 28 January 2025",CL
Matias suarez,1K+,https://trends.google.com//trends/explore?q=Matias+suarez&date=now+7-d&geo=CL,"Tuesday, 28 January 2025",CL
Amparo Grisales,5K+,https://trends.google.com//trends/explore?q=Amparo+Grisales&date=now+7-d&geo=CO,"Tuesday, 28 January 2025",CO
Neymar,2K+,https://trends.google.com//trends/explore?q=Neymar&date=now+7-d&geo=CO,"Tuesday, 28 January 2025",CO
Prijimacky na necisto,1K+,https://trends.google.com//trends/explore?q=Prijimacky+na+necisto&date=now+7-d&geo=CZ,"Tuesday, 28 January 2025",CZ
Boeing 47,1K+,https://trends.google.com//trends/explore?q=Boeing+47&date=now+7-d&geo=CZ,"Tuesday, 28 January 2025",CZ
Selena Gomez,1K+,https://trends.google.com//trends/explore?q=Selena+Gomez&date=now+7-d&geo=CZ,"Tuesday, 28 January 2025",CZ
Pamela Anderson,500+,https://trends.google.com//trends/explore?q=Pamela+Anderson&date=now+7-d&geo=CZ,"Tuesday, 28 January 2025",CZ
iOS 18.3,500+,https://trends.google.com//trends/explore?q=iOS+18.3&date=now+7-d&geo=CZ,"Tuesday, 28 January 2025",CZ
Neymar,500+,https://trends.google.com//trends/explore?q=Neymar&date=now+7-d&geo=CZ,"Tuesday, 28 January 2025",CZ
Tate McRae,500+,https://trends.google.com//trends/explore?q=Tate+McRae&date=now+7-d&geo=CZ,"Tuesday, 28 January 2025",CZ
Lenin,500+,https://trends.google.com//trends/explore?q=Lenin&date=now+7-d&geo=CZ,"Tuesday, 28 January 2025",CZ
Petra Hřebíčková,500+,https://trends.google.com//trends/explore?q=Petra+H%C5%99eb%C3%AD%C4%8Dkov%C3%A1&date=now+7-d&geo=CZ,"Tuesday, 28 January 2025",CZ
Horst Janson Sesamstraße,50K+,https://trends.google.com//trends/explore?q=Horst+Janson+Sesamstra%C3%9Fe&date=now+7-d&geo=DE,"Tuesday, 28 January 2025",DE
EVG Deutsche Bahn,5K+,https://trends.google.com//trends/explore?q=EVG+Deutsche+Bahn&date=now+7-d&geo=DE,"Tuesday, 28 January 2025",DE
Beelitz,5K+,https://trends.google.com//trends/explore?q=Beelitz&date=now+7-d&geo=DE,"Tuesday, 28 January 2025",DE
Neymar,1K+,https://trends.google.com//trends/explore?q=Neymar&date=now+7-d&geo=DK,"Tuesday, 28 January 2025",DK
Selena Gomez,500+,https://trends.google.com//trends/explore?q=Selena+Gomez&date=now+7-d&geo=DK,"Tuesday, 28 January 2025",DK
Matthew Huttle,500+,https://trends.google.com//trends/explore?q=Matthew+Huttle&date=now+7-d&geo=DK,"Tuesday, 28 January 2025",DK
Fields,500+,https://trends.google.com//trends/explore?q=Fields&date=now+7-d&geo=DK,"Tuesday, 28 January 2025",DK
David Coote,500+,https://trends.google.com//trends/explore?q=David+Coote&date=now+7-d&geo=DK,"Tuesday, 28 January 2025",DK
البنك الاهلي ضد بتروجيت,10K+,https://trends.google.com//trends/explore?q=%D8%A7%D9%84%D8%A8%D9%86%D9%83+%D8%A7%D9%84%D8%A7%D9%87%D9%84%D9%8A+%D8%B6%D8%AF+%D8%A8%D8%AA%D8%B1%D9%88%D8%AC%D9%8A%D8%AA&date=now+7-d&geo=EG,"Tuesday, 28 January 2025",EG
سيلينا غوميز,2K+,https://trends.google.com//trends/explore?q=%D8%B3%D9%8A%D9%84%D9%8A%D9%86%D8%A7+%D8%BA%D9%88%D9%85%D9%8A%D8%B2&date=now+7-d&geo=EG,"Tuesday, 28 January 2025",EG
محمد صبحي,1K+,https://trends.google.com//trends/explore?q=%D9%85%D8%AD%D9%85%D8%AF+%D8%B5%D8%A8%D8%AD%D9%8A&date=now+7-d&geo=EG,"Tuesday, 28 January 2025",EG
احمد فهيم,1K+,https://trends.google.com//trends/explore?q=%D8%A7%D8%AD%D9%85%D8%AF+%D9%81%D9%87%D9%8A%D9%85&date=now+7-d&geo=EG,"Tuesday, 28 January 2025",EG
شيفروليه اوبترا 2025,1K+,https://trends.google.com//trends/explore?q=%D8%B4%D9%8A%D9%81%D8%B1%D9%88%D9%84%D9%8A%D9%87+%D8%A7%D9%88%D8%A8%D8%AA%D8%B1%D8%A7+2025&date=now+7-d&geo=EG,"Tuesday, 28 January 2025",EG
Morata,10K+,https://trends.google.com//trends/explore?q=Morata&date=now+7-d&geo=ES,"Tuesday, 28 January 2025",ES
Incendio coche M-40 Madrid,10K+,https://trends.google.com//trends/explore?q=Incendio+coche+M-40+Madrid&date=now+7-d&geo=ES,"Tuesday, 28 January 2025",ES
Neymar,10K+,https://trends.google.com//trends/explore?q=Neymar&date=now+7-d&geo=ES,"Tuesday, 28 January 2025",ES
Nestea,5K+,https://trends.google.com//trends/explore?q=Nestea&date=now+7-d&geo=ES,"Tuesday, 28 January 2025",ES
Epa Colombia,5K+,https://trends.google.com//trends/explore?q=Epa+Colombia&date=now+7-d&geo=ES,"Tuesday, 28 January 2025",ES
Santo tomas de Aquino,2K+,https://trends.google.com//trends/explore?q=Santo+tomas+de+Aquino&date=now+7-d&geo=ES,"Tuesday, 28 January 2025",ES
Princesa Leonor,2K+,https://trends.google.com//trends/explore?q=Princesa+Leonor&date=now+7-d&geo=ES,"Tuesday, 28 January 2025",ES
Yolanda Ramos,2K+,https://trends.google.com//trends/explore?q=Yolanda+Ramos&date=now+7-d&geo=ES,"Tuesday, 28 January 2025",ES
Primera semifinal Benidorm Fest 2025,2K+,https://trends.google.com//trends/explore?q=Primera+semifinal+Benidorm+Fest+2025&date=now+7-d&geo=ES,"Tuesday, 28 January 2025",ES
iOS 18.3,2K+,https://trends.google.com//trends/explore?q=iOS+18.3&date=now+7-d&geo=ES,"Tuesday, 28 January 2025",ES
CNIO,2K+,https://trends.google.com//trends/explore?q=CNIO&date=now+7-d&geo=ES,"Tuesday, 28 January 2025",ES
Rashford,2K+,https://trends.google.com//trends/explore?q=Rashford&date=now+7-d&geo=ES,"Tuesday, 28 January 2025",ES
Neymar,1K+,https://trends.google.com//trends/explore?q=Neymar&date=now+7-d&geo=FI,"Tuesday, 28 January 2025",FI
Fifth Element,500+,https://trends.google.com//trends/explore?q=Fifth+Element&date=now+7-d&geo=FI,"Tuesday, 28 January 2025",FI
S&P 500,500+,https://trends.google.com//trends/explore?q=S%26P+500&date=now+7-d&geo=FI,"Tuesday, 28 January 2025",FI
Catherine Laborde,500K+,https://trends.google.com//trends/explore?q=Catherine+Laborde&date=now+7-d&geo=FR,"Tuesday, 28 January 2025",FR
Elias,20K+,https://trends.google.com//trends/explore?q=Elias&date=now+7-d&geo=FR,"Tuesday, 28 January 2025",FR
Neymar,10K+,https://trends.google.com//trends/explore?q=Neymar&date=now+7-d&geo=FR,"Tuesday, 28 January 2025",FR
Bayrou,10K+,https://trends.google.com//trends/explore?q=Bayrou&date=now+7-d&geo=FR,"Tuesday, 28 January 2025",FR
Redon,10K+,https://trends.google.com//trends/explore?q=Redon&date=now+7-d&geo=FR,"Tuesday, 28 January 2025",FR
Nicolas Sarkozy,5K+,https://trends.google.com//trends/explore?q=Nicolas+Sarkozy&date=now+7-d&geo=FR,"Tuesday, 28 January 2025",FR
PSG Stuttgart,5K+,https://trends.google.com//trends/explore?q=PSG+Stuttgart&date=now+7-d&geo=FR,"Tuesday, 28 January 2025",FR
NASDAQ-100,2K+,https://trends.google.com//trends/explore?q=NASDAQ-100&date=now+7-d&geo=FR,"Tuesday, 28 January 2025",FR
England vs India,20K+,https://trends.google.com//trends/explore?q=England+vs+India&date=now+7-d&geo=GB,"Tuesday, 28 January 2025",GB
David Coote,20K+,https://trends.google.com//trends/explore?q=David+Coote&date=now+7-d&geo=GB,"Tuesday, 28 January 2025",GB
Coca-Cola recalls drinks,20K+,https://trends.google.com//trends/explore?q=Coca-Cola+recalls+drinks&date=now+7-d&geo=GB,"Tuesday, 28 January 2025",GB
Neymar,20K+,https://trends.google.com//trends/explore?q=Neymar&date=now+7-d&geo=GB,"Tuesday, 28 January 2025",GB
Selena Gomez,10K+,https://trends.google.com//trends/explore?q=Selena+Gomez&date=now+7-d&geo=GB,"Tuesday, 28 January 2025",GB
Radio 1 Big Weekend 2025,5K+,https://trends.google.com//trends/explore?q=Radio+1+Big+Weekend+2025&date=now+7-d&geo=GB,"Tuesday, 28 January 2025",GB
Elizabeth line,5K+,https://trends.google.com//trends/explore?q=Elizabeth+line&date=now+7-d&geo=GB,"Tuesday, 28 January 2025",GB
WWE 2K25,5K+,https://trends.google.com//trends/explore?q=WWE+2K25&date=now+7-d&geo=GB,"Tuesday, 28 January 2025",GB
Almost Famous,5K+,https://trends.google.com//trends/explore?q=Almost+Famous&date=now+7-d&geo=GB,"Tuesday, 28 January 2025",GB
Μηνιγγίτιδα,5K+,https://trends.google.com//trends/explore?q=%CE%9C%CE%B7%CE%BD%CE%B9%CE%B3%CE%B3%CE%AF%CF%84%CE%B9%CE%B4%CE%B1&date=now+7-d&geo=GR,"Tuesday, 28 January 2025",GR
Selena Gomez,2K+,https://trends.google.com//trends/explore?q=Selena+Gomez&date=now+7-d&geo=GR,"Tuesday, 28 January 2025",GR
Γιάννης Κουκουράκης,1K+,https://trends.google.com//trends/explore?q=%CE%93%CE%B9%CE%AC%CE%BD%CE%BD%CE%B7%CF%82+%CE%9A%CE%BF%CF%85%CE%BA%CE%BF%CF%85%CF%81%CE%AC%CE%BA%CE%B7%CF%82&date=now+7-d&geo=GR,"Tuesday, 28 January 2025",GR
Σερβια,1K+,https://trends.google.com//trends/explore?q=%CE%A3%CE%B5%CF%81%CE%B2%CE%B9%CE%B1&date=now+7-d&geo=GR,"Tuesday, 28 January 2025",GR
Ισίδωρος Κούβελος,1K+,https://trends.google.com//trends/explore?q=%CE%99%CF%83%CE%AF%CE%B4%CF%89%CF%81%CE%BF%CF%82+%CE%9A%CE%BF%CF%8D%CE%B2%CE%B5%CE%BB%CE%BF%CF%82&date=now+7-d&geo=GR,"Tuesday, 28 January 2025",GR
Τσικνοπέμπτη,1K+,https://trends.google.com//trends/explore?q=%CE%A4%CF%83%CE%B9%CE%BA%CE%BD%CE%BF%CF%80%CE%AD%CE%BC%CF%80%CF%84%CE%B7&date=now+7-d&geo=GR,"Tuesday, 28 January 2025",GR
Marko Kerkez,1K+,https://trends.google.com//trends/explore?q=Marko+Kerkez&date=now+7-d&geo=GR,"Tuesday, 28 January 2025",GR
Arias,500+,https://trends.google.com//trends/explore?q=Arias&date=now+7-d&geo=GR,"Tuesday, 28 January 2025",GR
Πατρα,500+,https://trends.google.com//trends/explore?q=%CE%A0%CE%B1%CF%84%CF%81%CE%B1&date=now+7-d&geo=GR,"Tuesday, 28 January 2025",GR
Μηνιγγίτιδα συμπτωματα,500+,https://trends.google.com//trends/explore?q=%CE%9C%CE%B7%CE%BD%CE%B9%CE%B3%CE%B3%CE%AF%CF%84%CE%B9%CE%B4%CE%B1+%CF%83%CF%85%CE%BC%CF%80%CF%84%CF%89%CE%BC%CE%B1%CF%84%CE%B1&date=now+7-d&geo=GR,"Tuesday, 28 January 2025",GR
Χαρα αγνοειται,500+,https://trends.google.com//trends/explore?q=%CE%A7%CE%B1%CF%81%CE%B1+%CE%B1%CE%B3%CE%BD%CE%BF%CE%B5%CE%B9%CF%84%CE%B1%CE%B9&date=now+7-d&geo=GR,"Tuesday, 28 January 2025",GR
The International,500+,https://trends.google.com//trends/explore?q=The+International&date=now+7-d&geo=GR,"Tuesday, 28 January 2025",GR
Μιχαλησ χουρδακησ,500+,https://trends.google.com//trends/explore?q=%CE%9C%CE%B9%CF%87%CE%B1%CE%BB%CE%B7%CF%83+%CF%87%CE%BF%CF%85%CF%81%CE%B4%CE%B1%CE%BA%CE%B7%CF%83&date=now+7-d&geo=GR,"Tuesday, 28 January 2025",GR
餃子,2K+,https://trends.google.com//trends/explore?q=%E9%A4%83%E5%AD%90&date=now+7-d&geo=HK,"Tuesday, 28 January 2025",HK
春晚,2K+,https://trends.google.com//trends/explore?q=%E6%98%A5%E6%99%9A&date=now+7-d&geo=HK,"Tuesday, 28 January 2025",HK
中居正廣,2K+,https://trends.google.com//trends/explore?q=%E4%B8%AD%E5%B1%85%E6%AD%A3%E5%BB%A3&date=now+7-d&geo=HK,"Tuesday, 28 January 2025",HK
恭喜發財,1K+,https://trends.google.com//trends/explore?q=%E6%81%AD%E5%96%9C%E7%99%BC%E8%B2%A1&date=now+7-d&geo=HK,"Tuesday, 28 January 2025",HK
王菲,1K+,https://trends.google.com//trends/explore?q=%E7%8E%8B%E8%8F%B2&date=now+7-d&geo=HK,"Tuesday, 28 January 2025",HK
團年飯,1K+,https://trends.google.com//trends/explore?q=%E5%9C%98%E5%B9%B4%E9%A3%AF&date=now+7-d&geo=HK,"Tuesday, 28 January 2025",HK
關可為,500+,https://trends.google.com//trends/explore?q=%E9%97%9C%E5%8F%AF%E7%82%BA&date=now+7-d&geo=HK,"Tuesday, 28 January 2025",HK
赵雅芝,500+,https://trends.google.com//trends/explore?q=%E8%B5%B5%E9%9B%85%E8%8A%9D&date=now+7-d&geo=HK,"Tuesday, 28 January 2025",HK
恒生,500+,https://trends.google.com//trends/explore?q=%E6%81%92%E7%94%9F&date=now+7-d&geo=HK,"Tuesday, 28 January 2025",HK
Sziget 2025,5K+,https://trends.google.com//trends/explore?q=Sziget+2025&date=now+7-d&geo=HU,"Tuesday, 28 January 2025",HU
Szerb miniszterelnök,2K+,https://trends.google.com//trends/explore?q=Szerb+minisztereln%C3%B6k&date=now+7-d&geo=HU,"Tuesday, 28 January 2025",HU
Deutsch Tamás,2K+,https://trends.google.com//trends/explore?q=Deutsch+Tam%C3%A1s&date=now+7-d&geo=HU,"Tuesday, 28 January 2025",HU
Neymar,1K+,https://trends.google.com//trends/explore?q=Neymar&date=now+7-d&geo=HU,"Tuesday, 28 January 2025",HU
Coca-Cola,1K+,https://trends.google.com//trends/explore?q=Coca-Cola&date=now+7-d&geo=HU,"Tuesday, 28 January 2025",HU
Tóth Vera,1K+,https://trends.google.com//trends/explore?q=T%C3%B3th+Vera&date=now+7-d&geo=HU,"Tuesday, 28 January 2025",HU
Fehér Lótusz,500+,https://trends.google.com//trends/explore?q=Feh%C3%A9r+L%C3%B3tusz&date=now+7-d&geo=HU,"Tuesday, 28 January 2025",HU
Szöcskeegér,500+,https://trends.google.com//trends/explore?q=Sz%C3%B6cskeeg%C3%A9r&date=now+7-d&geo=HU,"Tuesday, 28 January 2025",HU
Jeremy Fragrance,500+,https://trends.google.com//trends/explore?q=Jeremy+Fragrance&date=now+7-d&geo=HU,"Tuesday, 28 January 2025",HU
ByeAlex,500+,https://trends.google.com//trends/explore?q=ByeAlex&date=now+7-d&geo=HU,"Tuesday, 28 January 2025",HU
Venezia,100K+,https://trends.google.com//trends/explore?q=Venezia&date=now+7-d&geo=ID,"Tuesday, 28 January 2025",ID
Bali United vs Borneo FC,100K+,https://trends.google.com//trends/explore?q=Bali+United+vs+Borneo+FC&date=now+7-d&geo=ID,"Tuesday, 28 January 2025",ID
Ucapan Imlek 2025,50K+,https://trends.google.com//trends/explore?q=Ucapan+Imlek+2025&date=now+7-d&geo=ID,"Tuesday, 28 January 2025",ID
Indonesia,10K+,https://trends.google.com//trends/explore?q=Indonesia&date=now+7-d&geo=ID,"Tuesday, 28 January 2025",ID
Alavés vs Celta,10K+,https://trends.google.com//trends/explore?q=Alav%C3%A9s+vs+Celta&date=now+7-d&geo=ID,"Tuesday, 28 January 2025",ID
Ministers,10K+,https://trends.google.com//trends/explore?q=Ministers&date=now+7-d&geo=ID,"Tuesday, 28 January 2025",ID
Gempa hari ini,10K+,https://trends.google.com//trends/explore?q=Gempa+hari+ini&date=now+7-d&geo=ID,"Tuesday, 28 January 2025",ID
Al Hilal,10K+,https://trends.google.com//trends/explore?q=Al+Hilal&date=now+7-d&geo=ID,"Tuesday, 28 January 2025",ID
Pantai Drini,5K+,https://trends.google.com//trends/explore?q=Pantai+Drini&date=now+7-d&geo=ID,"Tuesday, 28 January 2025",ID
Banjir Kalimantan Barat,5K+,https://trends.google.com//trends/explore?q=Banjir+Kalimantan+Barat&date=now+7-d&geo=ID,"Tuesday, 28 January 2025",ID
Denada,5K+,https://trends.google.com//trends/explore?q=Denada&date=now+7-d&geo=ID,"Tuesday, 28 January 2025",ID
Skor Indonesia vs Suriah U20,5K+,https://trends.google.com//trends/explore?q=Skor+Indonesia+vs+Suriah+U20&date=now+7-d&geo=ID,"Tuesday, 28 January 2025",ID
Imlek 2025 shio apa,5K+,https://trends.google.com//trends/explore?q=Imlek+2025+shio+apa&date=now+7-d&geo=ID,"Tuesday, 28 January 2025",ID
Elliot James Reay,5K+,https://trends.google.com//trends/explore?q=Elliot+James+Reay&date=now+7-d&geo=ID,"Tuesday, 28 January 2025",ID
Genoa,2K+,https://trends.google.com//trends/explore?q=Genoa&date=now+7-d&geo=ID,"Tuesday, 28 January 2025",ID
Gunung Marapi,2K+,https://trends.google.com//trends/explore?q=Gunung+Marapi&date=now+7-d&geo=ID,"Tuesday, 28 January 2025",ID
Indonesian Idol,2K+,https://trends.google.com//trends/explore?q=Indonesian+Idol&date=now+7-d&geo=ID,"Tuesday, 28 January 2025",ID
Angpao,2K+,https://trends.google.com//trends/explore?q=Angpao&date=now+7-d&geo=ID,"Tuesday, 28 January 2025",ID
Coca-Cola recall,2K+,https://trends.google.com//trends/explore?q=Coca-Cola+recall&date=now+7-d&geo=IE,"Tuesday, 28 January 2025",IE
David Coote,2K+,https://trends.google.com//trends/explore?q=David+Coote&date=now+7-d&geo=IE,"Tuesday, 28 January 2025",IE
Portiuncula Hospital,1K+,https://trends.google.com//trends/explore?q=Portiuncula+Hospital&date=now+7-d&geo=IE,"Tuesday, 28 January 2025",IE
Selena Gomez,1K+,https://trends.google.com//trends/explore?q=Selena+Gomez&date=now+7-d&geo=IE,"Tuesday, 28 January 2025",IE
Neymar,1K+,https://trends.google.com//trends/explore?q=Neymar&date=now+7-d&geo=IE,"Tuesday, 28 January 2025",IE
England vs India,1K+,https://trends.google.com//trends/explore?q=England+vs+India&date=now+7-d&geo=IE,"Tuesday, 28 January 2025",IE
Mar,1K+,https://trends.google.com//trends/explore?q=Mar&date=now+7-d&geo=IE,"Tuesday, 28 January 2025",IE
Storm Eowyn weather warnings Ireland,1K+,https://trends.google.com//trends/explore?q=Storm+Eowyn+weather+warnings+Ireland&date=now+7-d&geo=IE,"Tuesday, 28 January 2025",IE
Humanitarian Assistance Scheme,1K+,https://trends.google.com//trends/explore?q=Humanitarian+Assistance+Scheme&date=now+7-d&geo=IE,"Tuesday, 28 January 2025",IE
Championship,1K+,https://trends.google.com//trends/explore?q=Championship&date=now+7-d&geo=IE,"Tuesday, 28 January 2025",IE
Adam Matthews,500+,https://trends.google.com//trends/explore?q=Adam+Matthews&date=now+7-d&geo=IE,"Tuesday, 28 January 2025",IE
Jota,500+,https://trends.google.com//trends/explore?q=Jota&date=now+7-d&geo=IE,"Tuesday, 28 January 2025",IE
50 Cent,500+,https://trends.google.com//trends/explore?q=50+Cent&date=now+7-d&geo=IE,"Tuesday, 28 January 2025",IE
Radja Nainggolan,500+,https://trends.google.com//trends/explore?q=Radja+Nainggolan&date=now+7-d&geo=IE,"Tuesday, 28 January 2025",IE
S&P 500,5K+,https://trends.google.com//trends/explore?q=S%26P+500&date=now+7-d&geo=IL,"Tuesday, 28 January 2025",IL
ריף נאמן,2K+,https://trends.google.com//trends/explore?q=%D7%A8%D7%99%D7%A3+%D7%A0%D7%90%D7%9E%D7%9F&date=now+7-d&geo=IL,"Tuesday, 28 January 2025",IL
מתן עמבר,500+,https://trends.google.com//trends/explore?q=%D7%9E%D7%AA%D7%9F+%D7%A2%D7%9E%D7%91%D7%A8&date=now+7-d&geo=IL,"Tuesday, 28 January 2025",IL
סמי עופר,500+,https://trends.google.com//trends/explore?q=%D7%A1%D7%9E%D7%99+%D7%A2%D7%95%D7%A4%D7%A8&date=now+7-d&geo=IL,"Tuesday, 28 January 2025",IL
England vs India,2M+,https://trends.google.com//trends/explore?q=England+vs+India&date=now+7-d&geo=IN,"Tuesday, 28 January 2025",IN
Hotstar,200K+,https://trends.google.com//trends/explore?q=Hotstar&date=now+7-d&geo=IN,"Tuesday, 28 January 2025",IN
IND vs ENG T20,100K+,https://trends.google.com//trends/explore?q=IND+vs+ENG+T20&date=now+7-d&geo=IN,"Tuesday, 28 January 2025",IN
Mohammed Shami,50K+,https://trends.google.com//trends/explore?q=Mohammed+Shami&date=now+7-d&geo=IN,"Tuesday, 28 January 2025",IN
Kris Gopalakrishnan,50K+,https://trends.google.com//trends/explore?q=Kris+Gopalakrishnan&date=now+7-d&geo=IN,"Tuesday, 28 January 2025",IN
Bajaj Housing Finance share,20K+,https://trends.google.com//trends/explore?q=Bajaj+Housing+Finance+share&date=now+7-d&geo=IN,"Tuesday, 28 January 2025",IN
Sanju Samson,20K+,https://trends.google.com//trends/explore?q=Sanju+Samson&date=now+7-d&geo=IN,"Tuesday, 28 January 2025",IN
Waqf Amendment Bill,20K+,https://trends.google.com//trends/explore?q=Waqf+Amendment+Bill&date=now+7-d&geo=IN,"Tuesday, 28 January 2025",IN
Zoho Sridhar Vembu,10K+,https://trends.google.com//trends/explore?q=Zoho+Sridhar+Vembu&date=now+7-d&geo=IN,"Tuesday, 28 January 2025",IN
AIBE 19 Exam result,10K+,https://trends.google.com//trends/explore?q=AIBE+19+Exam+result&date=now+7-d&geo=IN,"Tuesday, 28 January 2025",IN
Selena Gomez,10K+,https://trends.google.com//trends/explore?q=Selena+Gomez&date=now+7-d&geo=IN,"Tuesday, 28 January 2025",IN
Live Score Cricket,5K+,https://trends.google.com//trends/explore?q=Live+Score+Cricket&date=now+7-d&geo=IN,"Tuesday, 28 January 2025",IN
Neymar,5K+,https://trends.google.com//trends/explore?q=Neymar&date=now+7-d&geo=IN,"Tuesday, 28 January 2025",IN
Angelica Montini,20K+,https://trends.google.com//trends/explore?q=Angelica+Montini&date=now+7-d&geo=IT,"Tuesday, 28 January 2025",IT
Morata,20K+,https://trends.google.com//trends/explore?q=Morata&date=now+7-d&geo=IT,"Tuesday, 28 January 2025",IT
Vlahovic,10K+,https://trends.google.com//trends/explore?q=Vlahovic&date=now+7-d&geo=IT,"Tuesday, 28 January 2025",IT
Luca Calvani,10K+,https://trends.google.com//trends/explore?q=Luca+Calvani&date=now+7-d&geo=IT,"Tuesday, 28 January 2025",IT
Lookman,10K+,https://trends.google.com//trends/explore?q=Lookman&date=now+7-d&geo=IT,"Tuesday, 28 January 2025",IT
Pohjanpalo,10K+,https://trends.google.com//trends/explore?q=Pohjanpalo&date=now+7-d&geo=IT,"Tuesday, 28 January 2025",IT
Laurent Miralles,10K+,https://trends.google.com//trends/explore?q=Laurent+Miralles&date=now+7-d&geo=IT,"Tuesday, 28 January 2025",IT
Balotelli,10K+,https://trends.google.com//trends/explore?q=Balotelli&date=now+7-d&geo=IT,"Tuesday, 28 January 2025",IT
Neymar,10K+,https://trends.google.com//trends/explore?q=Neymar&date=now+7-d&geo=IT,"Tuesday, 28 January 2025",IT
Church,10K+,https://trends.google.com//trends/explore?q=Church&date=now+7-d&geo=IT,"Tuesday, 28 January 2025",IT
Aggiornamento iOS 18.3,10K+,https://trends.google.com//trends/explore?q=Aggiornamento+iOS+18.3&date=now+7-d&geo=IT,"Tuesday, 28 January 2025",IT
Inter-Monaco,10K+,https://trends.google.com//trends/explore?q=Inter-Monaco&date=now+7-d&geo=IT,"Tuesday, 28 January 2025",IT
Fiat Grande Panda,5K+,https://trends.google.com//trends/explore?q=Fiat+Grande+Panda&date=now+7-d&geo=IT,"Tuesday, 28 January 2025",IT
Fedez,5K+,https://trends.google.com//trends/explore?q=Fedez&date=now+7-d&geo=IT,"Tuesday, 28 January 2025",IT
Casemiro,5K+,https://trends.google.com//trends/explore?q=Casemiro&date=now+7-d&geo=IT,"Tuesday, 28 January 2025",IT
Giorni della Merla 2025,5K+,https://trends.google.com//trends/explore?q=Giorni+della+Merla+2025&date=now+7-d&geo=IT,"Tuesday, 28 January 2025",IT
Benigni,5K+,https://trends.google.com//trends/explore?q=Benigni&date=now+7-d&geo=IT,"Tuesday, 28 January 2025",IT
Juventus-Benfica,5K+,https://trends.google.com//trends/explore?q=Juventus-Benfica&date=now+7-d&geo=IT,"Tuesday, 28 January 2025",IT
Gigliola Cinquetti,5K+,https://trends.google.com//trends/explore?q=Gigliola+Cinquetti&date=now+7-d&geo=IT,"Tuesday, 28 January 2025",IT
Sesso tantrico,5K+,https://trends.google.com//trends/explore?q=Sesso+tantrico&date=now+7-d&geo=IT,"Tuesday, 28 January 2025",IT
森永卓郎,100K+,https://trends.google.com//trends/explore?q=%E6%A3%AE%E6%B0%B8%E5%8D%93%E9%83%8E&date=now+7-d&geo=JP,"Tuesday, 28 January 2025",JP
八潮市 道路陥没,100K+,https://trends.google.com//trends/explore?q=%E5%85%AB%E6%BD%AE%E5%B8%82+%E9%81%93%E8%B7%AF%E9%99%A5%E6%B2%A1&date=now+7-d&geo=JP,"Tuesday, 28 January 2025",JP
ジャングリア沖縄,20K+,https://trends.google.com//trends/explore?q=%E3%82%B8%E3%83%A3%E3%83%B3%E3%82%B0%E3%83%AA%E3%82%A2%E6%B2%96%E7%B8%84&date=now+7-d&geo=JP,"Tuesday, 28 January 2025",JP
京都アニメーション放火殺人事件,20K+,https://trends.google.com//trends/explore?q=%E4%BA%AC%E9%83%BD%E3%82%A2%E3%83%8B%E3%83%A1%E3%83%BC%E3%82%B7%E3%83%A7%E3%83%B3%E6%94%BE%E7%81%AB%E6%AE%BA%E4%BA%BA%E4%BA%8B%E4%BB%B6&date=now+7-d&geo=JP,"Tuesday, 28 January 2025",JP
川辺久造,20K+,https://trends.google.com//trends/explore?q=%E5%B7%9D%E8%BE%BA%E4%B9%85%E9%80%A0&date=now+7-d&geo=JP,"Tuesday, 28 January 2025",JP
ヒロミ,10K+,https://trends.google.com//trends/explore?q=%E3%83%92%E3%83%AD%E3%83%9F&date=now+7-d&geo=JP,"Tuesday, 28 January 2025",JP
文春 訂正,10K+,https://trends.google.com//trends/explore?q=%E6%96%87%E6%98%A5+%E8%A8%82%E6%AD%A3&date=now+7-d&geo=JP,"Tuesday, 28 January 2025",JP
PFAS,5K+,https://trends.google.com//trends/explore?q=PFAS&date=now+7-d&geo=JP,"Tuesday, 28 January 2025",JP
Burnley,1K+,https://trends.google.com//trends/explore?q=Burnley&date=now+7-d&geo=KE,"Tuesday, 28 January 2025",KE
David Coote,1K+,https://trends.google.com//trends/explore?q=David+Coote&date=now+7-d&geo=KE,"Tuesday, 28 January 2025",KE
England vs India,500+,https://trends.google.com//trends/explore?q=England+vs+India&date=now+7-d&geo=KE,"Tuesday, 28 January 2025",KE
Africa Cup,500+,https://trends.google.com//trends/explore?q=Africa+Cup&date=now+7-d&geo=KE,"Tuesday, 28 January 2025",KE
Radja Nainggolan,500+,https://trends.google.com//trends/explore?q=Radja+Nainggolan&date=now+7-d&geo=KE,"Tuesday, 28 January 2025",KE
블랙옵스,2K+,https://trends.google.com//trends/explore?q=%EB%B8%94%EB%9E%99%EC%98%B5%EC%8A%A4&date=now+7-d&geo=KR,"Tuesday, 28 January 2025",KR
홍진영,2K+,https://trends.google.com//trends/explore?q=%ED%99%8D%EC%A7%84%EC%98%81&date=now+7-d&geo=KR,"Tuesday, 28 January 2025",KR
네이마르,1K+,https://trends.google.com//trends/explore?q=%EB%84%A4%EC%9D%B4%EB%A7%88%EB%A5%B4&date=now+7-d&geo=KR,"Tuesday, 28 January 2025",KR
이장우,1K+,https://trends.google.com//trends/explore?q=%EC%9D%B4%EC%9E%A5%EC%9A%B0&date=now+7-d&geo=KR,"Tuesday, 28 January 2025",KR
말할 수 없는 비밀,1K+,https://trends.google.com//trends/explore?q=%EB%A7%90%ED%95%A0+%EC%88%98+%EC%97%86%EB%8A%94+%EB%B9%84%EB%B0%80&date=now+7-d&geo=KR,"Tuesday, 28 January 2025",KR
Alma Rosa Aguirre,5K+,https://trends.google.com//trends/explore?q=Alma+Rosa+Aguirre&date=now+7-d&geo=MX,"Tuesday, 28 January 2025",MX
Tekit,5K+,https://trends.google.com//trends/explore?q=Tekit&date=now+7-d&geo=MX,"Tuesday, 28 January 2025",MX
Beca Rita Cetina 2025,2K+,https://trends.google.com//trends/explore?q=Beca+Rita+Cetina+2025&date=now+7-d&geo=MX,"Tuesday, 28 January 2025",MX
Lakers,2K+,https://trends.google.com//trends/explore?q=Lakers&date=now+7-d&geo=MX,"Tuesday, 28 January 2025",MX
America vs San Luis,2K+,https://trends.google.com//trends/explore?q=America+vs+San+Luis&date=now+7-d&geo=MX,"Tuesday, 28 January 2025",MX
Jóvenes Construyendo el Futuro,2K+,https://trends.google.com//trends/explore?q=J%C3%B3venes+Construyendo+el+Futuro&date=now+7-d&geo=MX,"Tuesday, 28 January 2025",MX
Barcelona vs Atalanta,2K+,https://trends.google.com//trends/explore?q=Barcelona+vs+Atalanta&date=now+7-d&geo=MX,"Tuesday, 28 January 2025",MX
Radja Nainggolan,2K+,https://trends.google.com//trends/explore?q=Radja+Nainggolan&date=now+7-d&geo=MX,"Tuesday, 28 January 2025",MX
England vs India,5K+,https://trends.google.com//trends/explore?q=England+vs+India&date=now+7-d&geo=MY,"Tuesday, 28 January 2025",MY
Gong Xi Fa Cai 2025,5K+,https://trends.google.com//trends/explore?q=Gong+Xi+Fa+Cai+2025&date=now+7-d&geo=MY,"Tuesday, 28 January 2025",MY
Jeju Air crash,2K+,https://trends.google.com//trends/explore?q=Jeju+Air+crash&date=now+7-d&geo=MY,"Tuesday, 28 January 2025",MY
Neymar,2K+,https://trends.google.com//trends/explore?q=Neymar&date=now+7-d&geo=MY,"Tuesday, 28 January 2025",MY
Chinese New Year Eve,1K+,https://trends.google.com//trends/explore?q=Chinese+New+Year+Eve&date=now+7-d&geo=MY,"Tuesday, 28 January 2025",MY
Chinese New Year 2025,2K+,https://trends.google.com//trends/explore?q=Chinese+New+Year+2025&date=now+7-d&geo=NG,"Tuesday, 28 January 2025",NG
Moana 2,2K+,https://trends.google.com//trends/explore?q=Moana+2&date=now+7-d&geo=NG,"Tuesday, 28 January 2025",NG
Akor Adams,1K+,https://trends.google.com//trends/explore?q=Akor+Adams&date=now+7-d&geo=NG,"Tuesday, 28 January 2025",NG
Civil Service recruitment,1K+,https://trends.google.com//trends/explore?q=Civil+Service+recruitment&date=now+7-d&geo=NG,"Tuesday, 28 January 2025",NG
Selena Gomez,1K+,https://trends.google.com//trends/explore?q=Selena+Gomez&date=now+7-d&geo=NG,"Tuesday, 28 January 2025",NG
Ayden Heaven,1K+,https://trends.google.com//trends/explore?q=Ayden+Heaven&date=now+7-d&geo=NG,"Tuesday, 28 January 2025",NG
Neymar,2K+,https://trends.google.com//trends/explore?q=Neymar&date=now+7-d&geo=NL,"Tuesday, 28 January 2025",NL
Bjørn Hallstrøm,2K+,https://trends.google.com//trends/explore?q=Bj%C3%B8rn+Hallstr%C3%B8m&date=now+7-d&geo=NO,"Tuesday, 28 January 2025",NO
Selena Gomez,500+,https://trends.google.com//trends/explore?q=Selena+Gomez&date=now+7-d&geo=NO,"Tuesday, 28 January 2025",NO
Nicolai Tangen,500+,https://trends.google.com//trends/explore?q=Nicolai+Tangen&date=now+7-d&geo=NO,"Tuesday, 28 January 2025",NO
MLD,500+,https://trends.google.com//trends/explore?q=MLD&date=now+7-d&geo=NO,"Tuesday, 28 January 2025",NO
Starlink,500+,https://trends.google.com//trends/explore?q=Starlink&date=now+7-d&geo=NO,"Tuesday, 28 January 2025",NO
Kirkens Nødhjelp,500+,https://trends.google.com//trends/explore?q=Kirkens+N%C3%B8dhjelp&date=now+7-d&geo=NO,"Tuesday, 28 January 2025",NO
Valencia,500+,https://trends.google.com//trends/explore?q=Valencia&date=now+7-d&geo=NO,"Tuesday, 28 January 2025",NO
Chinese New Year 2025,10K+,https://trends.google.com//trends/explore?q=Chinese+New+Year+2025&date=now+7-d&geo=NZ,"Tuesday, 28 January 2025",NZ
Sydney Thunder vs Hobart Hurricanes,5K+,https://trends.google.com//trends/explore?q=Sydney+Thunder+vs+Hobart+Hurricanes&date=now+7-d&geo=NZ,"Tuesday, 28 January 2025",NZ
Mar,2K+,https://trends.google.com//trends/explore?q=Mar&date=now+7-d&geo=NZ,"Tuesday, 28 January 2025",NZ
Kiribati,1K+,https://trends.google.com//trends/explore?q=Kiribati&date=now+7-d&geo=NZ,"Tuesday, 28 January 2025",NZ
NVDA,1K+,https://trends.google.com//trends/explore?q=NVDA&date=now+7-d&geo=NZ,"Tuesday, 28 January 2025",NZ
Selena Gomez,1K+,https://trends.google.com//trends/explore?q=Selena+Gomez&date=now+7-d&geo=NZ,"Tuesday, 28 January 2025",NZ
Big Bash,1K+,https://trends.google.com//trends/explore?q=Big+Bash&date=now+7-d&geo=NZ,"Tuesday, 28 January 2025",NZ
Lunar New Year 2025,1K+,https://trends.google.com//trends/explore?q=Lunar+New+Year+2025&date=now+7-d&geo=NZ,"Tuesday, 28 January 2025",NZ
Nasdaq,1K+,https://trends.google.com//trends/explore?q=Nasdaq&date=now+7-d&geo=NZ,"Tuesday, 28 January 2025",NZ
John Minto,1K+,https://trends.google.com//trends/explore?q=John+Minto&date=now+7-d&geo=NZ,"Tuesday, 28 January 2025",NZ
Pakaitore Turia,500+,https://trends.google.com//trends/explore?q=Pakaitore+Turia&date=now+7-d&geo=NZ,"Tuesday, 28 January 2025",NZ
NVDA stock,500+,https://trends.google.com//trends/explore?q=NVDA+stock&date=now+7-d&geo=NZ,"Tuesday, 28 January 2025",NZ
The Block Australia 2024,500+,https://trends.google.com//trends/explore?q=The+Block+Australia+2024&date=now+7-d&geo=NZ,"Tuesday, 28 January 2025",NZ
Temblor HOY,2K+,https://trends.google.com//trends/explore?q=Temblor+HOY&date=now+7-d&geo=PE,"Tuesday, 28 January 2025",PE
IShowSpeed,2K+,https://trends.google.com//trends/explore?q=IShowSpeed&date=now+7-d&geo=PE,"Tuesday, 28 January 2025",PE
Año Nuevo Chino,2K+,https://trends.google.com//trends/explore?q=A%C3%B1o+Nuevo+Chino&date=now+7-d&geo=PE,"Tuesday, 28 January 2025",PE
Hornets vs Lakers,20K+,https://trends.google.com//trends/explore?q=Hornets+vs+Lakers&date=now+7-d&geo=PH,"Tuesday, January 28, 2025",PH
Celtics vs Rockets,10K+,https://trends.google.com//trends/explore?q=Celtics+vs+Rockets&date=now+7-d&geo=PH,"Tuesday, January 28, 2025",PH
Lakers,10K+,https://trends.google.com//trends/explore?q=Lakers&date=now+7-d&geo=PH,"Tuesday, January 28, 2025",PH
Suns vs Clippers,10K+,https://trends.google.com//trends/explore?q=Suns+vs+Clippers&date=now+7-d&geo=PH,"Tuesday, January 28, 2025",PH
Klay Thompson,2K+,https://trends.google.com//trends/explore?q=Klay+Thompson&date=now+7-d&geo=PH,"Tuesday, January 28, 2025",PH
Jazz vs Bucks,2K+,https://trends.google.com//trends/explore?q=Jazz+vs+Bucks&date=now+7-d&geo=PH,"Tuesday, January 28, 2025",PH
Knicks vs Grizzlies,2K+,https://trends.google.com//trends/explore?q=Knicks+vs+Grizzlies&date=now+7-d&geo=PH,"Tuesday, January 28, 2025",PH
Cavaliers vs Pistons,2K+,https://trends.google.com//trends/explore?q=Cavaliers+vs+Pistons&date=now+7-d&geo=PH,"Tuesday, January 28, 2025",PH
Nets vs Kings,2K+,https://trends.google.com//trends/explore?q=Nets+vs+Kings&date=now+7-d&geo=PH,"Tuesday, January 28, 2025",PH
LaMelo Ball,2K+,https://trends.google.com//trends/explore?q=LaMelo+Ball&date=now+7-d&geo=PH,"Tuesday, January 28, 2025",PH
Timberwolves vs Hawks,2K+,https://trends.google.com//trends/explore?q=Timberwolves+vs+Hawks&date=now+7-d&geo=PH,"Tuesday, January 28, 2025",PH
Anthony Davis,2K+,https://trends.google.com//trends/explore?q=Anthony+Davis&date=now+7-d&geo=PH,"Tuesday, January 28, 2025",PH
Apple iPhone SE,2K+,https://trends.google.com//trends/explore?q=Apple+iPhone+SE&date=now+7-d&geo=PH,"Tuesday, January 28, 2025",PH
Raptors vs Pelicans,2K+,https://trends.google.com//trends/explore?q=Raptors+vs+Pelicans&date=now+7-d&geo=PH,"Tuesday, January 28, 2025",PH
Selena Gomez,1K+,https://trends.google.com//trends/explore?q=Selena+Gomez&date=now+7-d&geo=PH,"Tuesday, January 28, 2025",PH
Toyota Hilux,1K+,https://trends.google.com//trends/explore?q=Toyota+Hilux&date=now+7-d&geo=PH,"Tuesday, January 28, 2025",PH
JOSH GREEN,1K+,https://trends.google.com//trends/explore?q=JOSH+GREEN&date=now+7-d&geo=PH,"Tuesday, January 28, 2025",PH
Miami Heat,1K+,https://trends.google.com//trends/explore?q=Miami+Heat&date=now+7-d&geo=PH,"Tuesday, January 28, 2025",PH
Nowacka,20K+,https://trends.google.com//trends/explore?q=Nowacka&date=now+7-d&geo=PL,"Tuesday, 28 January 2025",PL
Olkusz,5K+,https://trends.google.com//trends/explore?q=Olkusz&date=now+7-d&geo=PL,"Tuesday, 28 January 2025",PL
Ewa Bem,5K+,https://trends.google.com//trends/explore?q=Ewa+Bem&date=now+7-d&geo=PL,"Tuesday, 28 January 2025",PL
Neymar,5K+,https://trends.google.com//trends/explore?q=Neymar&date=now+7-d&geo=PL,"Tuesday, 28 January 2025",PL
Masło rezerwy,2K+,https://trends.google.com//trends/explore?q=Mas%C5%82o+rezerwy&date=now+7-d&geo=PL,"Tuesday, 28 January 2025",PL
Jurassic World,2K+,https://trends.google.com//trends/explore?q=Jurassic+World&date=now+7-d&geo=PL,"Tuesday, 28 January 2025",PL
iOS 18.3,1K+,https://trends.google.com//trends/explore?q=iOS+18.3&date=now+7-d&geo=PL,"Tuesday, 28 January 2025",PL
Tiananmen,1K+,https://trends.google.com//trends/explore?q=Tiananmen&date=now+7-d&geo=PL,"Tuesday, 28 January 2025",PL
Janusz Palikot areszt,1K+,https://trends.google.com//trends/explore?q=Janusz+Palikot+areszt&date=now+7-d&geo=PL,"Tuesday, 28 January 2025",PL
Liga Campeões,2K+,https://trends.google.com//trends/explore?q=Liga+Campe%C3%B5es&date=now+7-d&geo=PT,"Tuesday, 28 January 2025",PT
Diogo Infante,1K+,https://trends.google.com//trends/explore?q=Diogo+Infante&date=now+7-d&geo=PT,"Tuesday, 28 January 2025",PT
Patricia Tavares,1K+,https://trends.google.com//trends/explore?q=Patricia+Tavares&date=now+7-d&geo=PT,"Tuesday, 28 January 2025",PT
Coca-Cola,1K+,https://trends.google.com//trends/explore?q=Coca-Cola&date=now+7-d&geo=PT,"Tuesday, 28 January 2025",PT
Gil Vicente,1K+,https://trends.google.com//trends/explore?q=Gil+Vicente&date=now+7-d&geo=PT,"Tuesday, 28 January 2025",PT
Ana Mendes Godinho,1K+,https://trends.google.com//trends/explore?q=Ana+Mendes+Godinho&date=now+7-d&geo=PT,"Tuesday, 28 January 2025",PT
Carlos Tavares,500+,https://trends.google.com//trends/explore?q=Carlos+Tavares&date=now+7-d&geo=PT,"Tuesday, 28 January 2025",PT
Mariana Monteiro,500+,https://trends.google.com//trends/explore?q=Mariana+Monteiro&date=now+7-d&geo=PT,"Tuesday, 28 January 2025",PT
Blake Lively,500+,https://trends.google.com//trends/explore?q=Blake+Lively&date=now+7-d&geo=PT,"Tuesday, 28 January 2025",PT
Virgílio Castelo,500+,https://trends.google.com//trends/explore?q=Virg%C3%ADlio+Castelo&date=now+7-d&geo=PT,"Tuesday, 28 January 2025",PT
Neve,500+,https://trends.google.com//trends/explore?q=Neve&date=now+7-d&geo=PT,"Tuesday, 28 January 2025",PT
Gustavo Santos,500+,https://trends.google.com//trends/explore?q=Gustavo+Santos&date=now+7-d&geo=PT,"Tuesday, 28 January 2025",PT
Neymar,1K+,https://trends.google.com//trends/explore?q=Neymar&date=now+7-d&geo=RO,"Tuesday, 28 January 2025",RO
Coca-Cola,1K+,https://trends.google.com//trends/explore?q=Coca-Cola&date=now+7-d&geo=RO,"Tuesday, 28 January 2025",RO
Selena Gomez,1K+,https://trends.google.com//trends/explore?q=Selena+Gomez&date=now+7-d&geo=RO,"Tuesday, 28 January 2025",RO
Sondaj CURS,1K+,https://trends.google.com//trends/explore?q=Sondaj+CURS&date=now+7-d&geo=RO,"Tuesday, 28 January 2025",RO
Sorana Cîrstea,500+,https://trends.google.com//trends/explore?q=Sorana+C%C3%AErstea&date=now+7-d&geo=RO,"Tuesday, 28 January 2025",RO
Universitatea Craiova,500+,https://trends.google.com//trends/explore?q=Universitatea+Craiova&date=now+7-d&geo=RO,"Tuesday, 28 January 2025",RO
Papa Francisc,500+,https://trends.google.com//trends/explore?q=Papa+Francisc&date=now+7-d&geo=RO,"Tuesday, 28 January 2025",RO
Zoo brasov,500+,https://trends.google.com//trends/explore?q=Zoo+brasov&date=now+7-d&geo=RO,"Tuesday, 28 January 2025",RO
Genoa,500+,https://trends.google.com//trends/explore?q=Genoa&date=now+7-d&geo=RO,"Tuesday, 28 January 2025",RO
Copil disparut Iasi,500+,https://trends.google.com//trends/explore?q=Copil+disparut+Iasi&date=now+7-d&geo=RO,"Tuesday, 28 January 2025",RO
Jesse Eisenberg,500+,https://trends.google.com//trends/explore?q=Jesse+Eisenberg&date=now+7-d&geo=RO,"Tuesday, 28 January 2025",RO
Serbia,500+,https://trends.google.com//trends/explore?q=Serbia&date=now+7-d&geo=RO,"Tuesday, 28 January 2025",RO
Georgette Mosbacher,500+,https://trends.google.com//trends/explore?q=Georgette+Mosbacher&date=now+7-d&geo=RO,"Tuesday, 28 January 2025",RO
Освенцим,2K+,https://trends.google.com//trends/explore?q=%D0%9E%D1%81%D0%B2%D0%B5%D0%BD%D1%86%D0%B8%D0%BC&date=now+7-d&geo=RU,"Tuesday, 28 January 2025",RU
Лада Искра,2K+,https://trends.google.com//trends/explore?q=%D0%9B%D0%B0%D0%B4%D0%B0+%D0%98%D1%81%D0%BA%D1%80%D0%B0&date=now+7-d&geo=RU,"Tuesday, 28 January 2025",RU
Швеция,2K+,https://trends.google.com//trends/explore?q=%D0%A8%D0%B2%D0%B5%D1%86%D0%B8%D1%8F&date=now+7-d&geo=RU,"Tuesday, 28 January 2025",RU
Часы Судного дня,2K+,https://trends.google.com//trends/explore?q=%D0%A7%D0%B0%D1%81%D1%8B+%D0%A1%D1%83%D0%B4%D0%BD%D0%BE%D0%B3%D0%BE+%D0%B4%D0%BD%D1%8F&date=now+7-d&geo=RU,"Tuesday, 28 January 2025",RU
محمد بن فهد,100K+,https://trends.google.com//trends/explore?q=%D9%85%D8%AD%D9%85%D8%AF+%D8%A8%D9%86+%D9%81%D9%87%D8%AF&date=now+7-d&geo=SA,"Tuesday, 28 January 2025",SA
سيلينا غوميز,2K+,https://trends.google.com//trends/explore?q=%D8%B3%D9%8A%D9%84%D9%8A%D9%86%D8%A7+%D8%BA%D9%88%D9%85%D9%8A%D8%B2&date=now+7-d&geo=SA,"Tuesday, 28 January 2025",SA
حسن مظهر,1K+,https://trends.google.com//trends/explore?q=%D8%AD%D8%B3%D9%86+%D9%85%D8%B8%D9%87%D8%B1&date=now+7-d&geo=SA,"Tuesday, 28 January 2025",SA
أمير المنطقة الشرقية,1K+,https://trends.google.com//trends/explore?q=%D8%A3%D9%85%D9%8A%D8%B1+%D8%A7%D9%84%D9%85%D9%86%D8%B7%D9%82%D8%A9+%D8%A7%D9%84%D8%B4%D8%B1%D9%82%D9%8A%D8%A9&date=now+7-d&geo=SA,"Tuesday, 28 January 2025",SA
طيران الرياض,500+,https://trends.google.com//trends/explore?q=%D8%B7%D9%8A%D8%B1%D8%A7%D9%86+%D8%A7%D9%84%D8%B1%D9%8A%D8%A7%D8%B6&date=now+7-d&geo=SA,"Tuesday, 28 January 2025",SA
جورجينا,500+,https://trends.google.com//trends/explore?q=%D8%AC%D9%88%D8%B1%D8%AC%D9%8A%D9%86%D8%A7&date=now+7-d&geo=SA,"Tuesday, 28 January 2025",SA
داليا مصطفى,500+,https://trends.google.com//trends/explore?q=%D8%AF%D8%A7%D9%84%D9%8A%D8%A7+%D9%85%D8%B5%D8%B7%D9%81%D9%89&date=now+7-d&geo=SA,"Tuesday, 28 January 2025",SA
Landerholm,2K+,https://trends.google.com//trends/explore?q=Landerholm&date=now+7-d&geo=SE,"Tuesday, 28 January 2025",SE
Neymar,1K+,https://trends.google.com//trends/explore?q=Neymar&date=now+7-d&geo=SE,"Tuesday, 28 January 2025",SE
Selena Gomez,1K+,https://trends.google.com//trends/explore?q=Selena+Gomez&date=now+7-d&geo=SE,"Tuesday, 28 January 2025",SE
Bocuse d'Or,1K+,https://trends.google.com//trends/explore?q=Bocuse+d'Or&date=now+7-d&geo=SE,"Tuesday, 28 January 2025",SE
Miika Koivisto,1K+,https://trends.google.com//trends/explore?q=Miika+Koivisto&date=now+7-d&geo=SE,"Tuesday, 28 January 2025",SE
Bagarmossen,1K+,https://trends.google.com//trends/explore?q=Bagarmossen&date=now+7-d&geo=SE,"Tuesday, 28 January 2025",SE
Atlas Copco,1K+,https://trends.google.com//trends/explore?q=Atlas+Copco&date=now+7-d&geo=SE,"Tuesday, 28 January 2025",SE
Matthew Huttle,1K+,https://trends.google.com//trends/explore?q=Matthew+Huttle&date=now+7-d&geo=SE,"Tuesday, 28 January 2025",SE
Blåsut Stockholm,1K+,https://trends.google.com//trends/explore?q=Bl%C3%A5sut+Stockholm&date=now+7-d&geo=SE,"Tuesday, 28 January 2025",SE
IND vs ENG,2K+,https://trends.google.com//trends/explore?q=IND+vs+ENG&date=now+7-d&geo=SG,"Tuesday, 28 January 2025",SG
Neymar,1K+,https://trends.google.com//trends/explore?q=Neymar&date=now+7-d&geo=SG,"Tuesday, 28 January 2025",SG
Selena Gomez,500+,https://trends.google.com//trends/explore?q=Selena+Gomez&date=now+7-d&geo=SG,"Tuesday, 28 January 2025",SG
VOO,500+,https://trends.google.com//trends/explore?q=VOO&date=now+7-d&geo=SG,"Tuesday, 28 January 2025",SG
META,500+,https://trends.google.com//trends/explore?q=META&date=now+7-d&geo=SG,"Tuesday, 28 January 2025",SG
TSMC,500+,https://trends.google.com//trends/explore?q=TSMC&date=now+7-d&geo=SG,"Tuesday, 28 January 2025",SG
Rashford,500+,https://trends.google.com//trends/explore?q=Rashford&date=now+7-d&geo=SG,"Tuesday, 28 January 2025",SG
กันต์ กันตถาวร,5K+,https://trends.google.com//trends/explore?q=%E0%B8%81%E0%B8%B1%E0%B8%99%E0%B8%95%E0%B9%8C+%E0%B8%81%E0%B8%B1%E0%B8%99%E0%B8%95%E0%B8%96%E0%B8%B2%E0%B8%A7%E0%B8%A3&date=now+7-d&geo=TH,"Tuesday, 28 January 2025",TH
อังเปา,5K+,https://trends.google.com//trends/explore?q=%E0%B8%AD%E0%B8%B1%E0%B8%87%E0%B9%80%E0%B8%9B%E0%B8%B2&date=now+7-d&geo=TH,"Tuesday, 28 January 2025",TH
แคปชั่นวันตรุษจีน,2K+,https://trends.google.com//trends/explore?q=%E0%B9%81%E0%B8%84%E0%B8%9B%E0%B8%8A%E0%B8%B1%E0%B9%88%E0%B8%99%E0%B8%A7%E0%B8%B1%E0%B8%99%E0%B8%95%E0%B8%A3%E0%B8%B8%E0%B8%A9%E0%B8%88%E0%B8%B5%E0%B8%99&date=now+7-d&geo=TH,"Tuesday, 28 January 2025",TH
โจอี้ภูวศิษฐ์,1K+,https://trends.google.com//trends/explore?q=%E0%B9%82%E0%B8%88%E0%B8%AD%E0%B8%B5%E0%B9%89%E0%B8%A0%E0%B8%B9%E0%B8%A7%E0%B8%A8%E0%B8%B4%E0%B8%A9%E0%B8%90%E0%B9%8C&date=now+7-d&geo=TH,"Tuesday, 28 January 2025",TH
ชุดตรุษจีน,1K+,https://trends.google.com//trends/explore?q=%E0%B8%8A%E0%B8%B8%E0%B8%94%E0%B8%95%E0%B8%A3%E0%B8%B8%E0%B8%A9%E0%B8%88%E0%B8%B5%E0%B8%99&date=now+7-d&geo=TH,"Tuesday, 28 January 2025",TH
Berke Özer,5K+,https://trends.google.com//trends/explore?q=Berke+%C3%96zer&date=now+7-d&geo=TR,"Tuesday, 28 January 2025",TR
MİT,5K+,https://trends.google.com//trends/explore?q=M%C4%B0T&date=now+7-d&geo=TR,"Tuesday, 28 January 2025",TR
Selena Gomez,5K+,https://trends.google.com//trends/explore?q=Selena+Gomez&date=now+7-d&geo=TR,"Tuesday, 28 January 2025",TR
Ali Akman,5K+,https://trends.google.com//trends/explore?q=Ali+Akman&date=now+7-d&geo=TR,"Tuesday, 28 January 2025",TR
Serhan Asker,5K+,https://trends.google.com//trends/explore?q=Serhan+Asker&date=now+7-d&geo=TR,"Tuesday, 28 January 2025",TR
Trezeguet,2K+,https://trends.google.com//trends/explore?q=Trezeguet&date=now+7-d&geo=TR,"Tuesday, 28 January 2025",TR
Devlet Bahçeli,2K+,https://trends.google.com//trends/explore?q=Devlet+Bah%C3%A7eli&date=now+7-d&geo=TR,"Tuesday, 28 January 2025",TR
Deniz Yıldızı,2K+,https://trends.google.com//trends/explore?q=Deniz+Y%C4%B1ld%C4%B1z%C4%B1&date=now+7-d&geo=TR,"Tuesday, 28 January 2025",TR
Kevin Danso,2K+,https://trends.google.com//trends/explore?q=Kevin+Danso&date=now+7-d&geo=TR,"Tuesday, 28 January 2025",TR
Zeki Çelik,2K+,https://trends.google.com//trends/explore?q=Zeki+%C3%87elik&date=now+7-d&geo=TR,"Tuesday, 28 January 2025",TR
iOS 18.3 güncellemesi,2K+,https://trends.google.com//trends/explore?q=iOS+18.3+g%C3%BCncellemesi&date=now+7-d&geo=TR,"Tuesday, 28 January 2025",TR
Ziyech,2K+,https://trends.google.com//trends/explore?q=Ziyech&date=now+7-d&geo=TR,"Tuesday, 28 January 2025",TR
守歲,10K+,https://trends.google.com//trends/explore?q=%E5%AE%88%E6%AD%B2&date=now+7-d&geo=TW,"Tuesday, 28 January 2025",TW
紅白,5K+,https://trends.google.com//trends/explore?q=%E7%B4%85%E7%99%BD&date=now+7-d&geo=TW,"Tuesday, 28 January 2025",TW
紅包,5K+,https://trends.google.com//trends/explore?q=%E7%B4%85%E5%8C%85&date=now+7-d&geo=TW,"Tuesday, 28 January 2025",TW
釜山航空,2K+,https://trends.google.com//trends/explore?q=%E9%87%9C%E5%B1%B1%E8%88%AA%E7%A9%BA&date=now+7-d&geo=TW,"Tuesday, 28 January 2025",TW
王心凌,2K+,https://trends.google.com//trends/explore?q=%E7%8E%8B%E5%BF%83%E5%87%8C&date=now+7-d&geo=TW,"Tuesday, 28 January 2025",TW
iOS 18.3,2K+,https://trends.google.com//trends/explore?q=iOS+18.3&date=now+7-d&geo=TW,"Tuesday, 28 January 2025",TW
春晚,2K+,https://trends.google.com//trends/explore?q=%E6%98%A5%E6%99%9A&date=now+7-d&geo=TW,"Tuesday, 28 January 2025",TW
徐懷鈺,2K+,https://trends.google.com//trends/explore?q=%E5%BE%90%E6%87%B7%E9%88%BA&date=now+7-d&geo=TW,"Tuesday, 28 January 2025",TW
過年紅包,2K+,https://trends.google.com//trends/explore?q=%E9%81%8E%E5%B9%B4%E7%B4%85%E5%8C%85&date=now+7-d&geo=TW,"Tuesday, 28 January 2025",TW
法鼓山,2K+,https://trends.google.com//trends/explore?q=%E6%B3%95%E9%BC%93%E5%B1%B1&date=now+7-d&geo=TW,"Tuesday, 28 January 2025",TW
年夜飯,2K+,https://trends.google.com//trends/explore?q=%E5%B9%B4%E5%A4%9C%E9%A3%AF&date=now+7-d&geo=TW,"Tuesday, 28 January 2025",TW
黃云歆,2K+,https://trends.google.com//trends/explore?q=%E9%BB%83%E4%BA%91%E6%AD%86&date=now+7-d&geo=TW,"Tuesday, 28 January 2025",TW
大年初一,2K+,https://trends.google.com//trends/explore?q=%E5%A4%A7%E5%B9%B4%E5%88%9D%E4%B8%80&date=now+7-d&geo=TW,"Tuesday, 28 January 2025",TW
恭喜發財,2K+,https://trends.google.com//trends/explore?q=%E6%81%AD%E5%96%9C%E7%99%BC%E8%B2%A1&date=now+7-d&geo=TW,"Tuesday, 28 January 2025",TW
新年,2K+,https://trends.google.com//trends/explore?q=%E6%96%B0%E5%B9%B4&date=now+7-d&geo=TW,"Tuesday, 28 January 2025",TW
富士電視台,2K+,https://trends.google.com//trends/explore?q=%E5%AF%8C%E5%A3%AB%E9%9B%BB%E8%A6%96%E5%8F%B0&date=now+7-d&geo=TW,"Tuesday, 28 January 2025",TW
麋先生,1K+,https://trends.google.com//trends/explore?q=%E9%BA%8B%E5%85%88%E7%94%9F&date=now+7-d&geo=TW,"Tuesday, 28 January 2025",TW
東南亞秀泰,1K+,https://trends.google.com//trends/explore?q=%E6%9D%B1%E5%8D%97%E4%BA%9E%E7%A7%80%E6%B3%B0&date=now+7-d&geo=TW,"Tuesday, 28 January 2025",TW
Moncler,1K+,https://trends.google.com//trends/explore?q=Moncler&date=now+7-d&geo=TW,"Tuesday, 28 January 2025",TW
水餃,1K+,https://trends.google.com//trends/explore?q=%E6%B0%B4%E9%A4%83&date=now+7-d&geo=TW,"Tuesday, 28 January 2025",TW
Музей ретро-автомобілів,2K+,https://trends.google.com//trends/explore?q=%D0%9C%D1%83%D0%B7%D0%B5%D0%B9+%D1%80%D0%B5%D1%82%D1%80%D0%BE-%D0%B0%D0%B2%D1%82%D0%BE%D0%BC%D0%BE%D0%B1%D1%96%D0%BB%D1%96%D0%B2&date=now+7-d&geo=UA,"Tuesday, 28 January 2025",UA
Андрій Білоус,2K+,https://trends.google.com//trends/explore?q=%D0%90%D0%BD%D0%B4%D1%80%D1%96%D0%B9+%D0%91%D1%96%D0%BB%D0%BE%D1%83%D1%81&date=now+7-d&geo=UA,"Tuesday, 28 January 2025",UA
Неймар,1K+,https://trends.google.com//trends/explore?q=%D0%9D%D0%B5%D0%B9%D0%BC%D0%B0%D1%80&date=now+7-d&geo=UA,"Tuesday, 28 January 2025",UA
Lakers,100K+,https://trends.google.com//trends/explore?q=Lakers&date=now+7-d&geo=US,"Tuesday, January 28, 2025",US
Mar,50K+,https://trends.google.com//trends/explore?q=Mar&date=now+7-d&geo=US,"Tuesday, January 28, 2025",US
Jim Acosta,20K+,https://trends.google.com//trends/explore?q=Jim+Acosta&date=now+7-d&geo=US,"Tuesday, January 28, 2025",US
Citizens Bank,20K+,https://trends.google.com//trends/explore?q=Citizens+Bank&date=now+7-d&geo=US,"Tuesday, January 28, 2025",US
Tuberculosis,20K+,https://trends.google.com//trends/explore?q=Tuberculosis&date=now+7-d&geo=US,"Tuesday, January 28, 2025",US
Bucks,20K+,https://trends.google.com//trends/explore?q=Bucks&date=now+7-d&geo=US,"Tuesday, January 28, 2025",US
Neymar,20K+,https://trends.google.com//trends/explore?q=Neymar&date=now+7-d&geo=US,"Tuesday, January 28, 2025",US
Google Maps Gulf of Mexico,20K+,https://trends.google.com//trends/explore?q=Google+Maps+Gulf+of+Mexico&date=now+7-d&geo=US,"Tuesday, January 28, 2025",US
Táo quân 2025,100K+,https://trends.google.com//trends/explore?q=T%C3%A1o+qu%C3%A2n+2025&date=now+7-d&geo=VN,"Tuesday, 28 January 2025",VN
Chúc mừng năm mới,50K+,https://trends.google.com//trends/explore?q=Ch%C3%BAc+m%E1%BB%ABng+n%C4%83m+m%E1%BB%9Bi&date=now+7-d&geo=VN,"Tuesday, 28 January 2025",VN
Câu chúc Tết,50K+,https://trends.google.com//trends/explore?q=C%C3%A2u+ch%C3%BAc+T%E1%BA%BFt&date=now+7-d&geo=VN,"Tuesday, 28 January 2025",VN
2025,20K+,https://trends.google.com//trends/explore?q=2025&date=now+7-d&geo=VN,"Tuesday, 28 January 2025",VN
Fo4,5K+,https://trends.google.com//trends/explore?q=Fo4&date=now+7-d&geo=VN,"Tuesday, 28 January 2025",VN
Hướng xuất hành 2025,5K+,https://trends.google.com//trends/explore?q=H%C6%B0%E1%BB%9Bng+xu%E1%BA%A5t+h%C3%A0nh+2025&date=now+7-d&geo=VN,"Tuesday, 28 January 2025",VN
Năm 2025,5K+,https://trends.google.com//trends/explore?q=N%C4%83m+2025&date=now+7-d&geo=VN,"Tuesday, 28 January 2025",VN
FC,5K+,https://trends.google.com//trends/explore?q=FC&date=now+7-d&geo=VN,"Tuesday, 28 January 2025",VN
Năm 2024 là năm con gì,5K+,https://trends.google.com//trends/explore?q=N%C4%83m+2024+l%C3%A0+n%C4%83m+con+g%C3%AC&date=now+7-d&geo=VN,"Tuesday, 28 January 2025",VN
Al Hilal,5K+,https://trends.google.com//trends/explore?q=Al+Hilal&date=now+7-d&geo=VN,"Tuesday, 28 January 2025",VN
iOS 18.3,2K+,https://trends.google.com//trends/explore?q=iOS+18.3&date=now+7-d&geo=VN,"Tuesday, 28 January 2025",VN
Tử vi 2025,2K+,https://trends.google.com//trends/explore?q=T%E1%BB%AD+vi+2025&date=now+7-d&geo=VN,"Tuesday, 28 January 2025",VN
Nap,2K+,https://trends.google.com//trends/explore?q=Nap&date=now+7-d&geo=VN,"Tuesday, 28 January 2025",VN
Năm nay là Năm con gì,2K+,https://trends.google.com//trends/explore?q=N%C4%83m+nay+l%C3%A0+N%C4%83m+con+g%C3%AC&date=now+7-d&geo=VN,"Tuesday, 28 January 2025",VN
Thiệp chúc mừng năm mới,2K+,https://trends.google.com//trends/explore?q=Thi%E1%BB%87p+ch%C3%BAc+m%E1%BB%ABng+n%C4%83m+m%E1%BB%9Bi&date=now+7-d&geo=VN,"Tuesday, 28 January 2025",VN
Năm 2024,1K+,https://trends.google.com//trends/explore?q=N%C4%83m+2024&date=now+7-d&geo=VN,"Tuesday, 28 January 2025",VN
Cristiano Ronaldo,1K+,https://trends.google.com//trends/explore?q=Cristiano+Ronaldo&date=now+7-d&geo=VN,"Tuesday, 28 January 2025",VN
England vs India,5K+,https://trends.google.com//trends/explore?q=England+vs+India&date=now+7-d&geo=ZA,"Tuesday, 28 January 2025",ZA
R102 million Powerball jackpot WINNER,2K+,https://trends.google.com//trends/explore?q=R102+million+Powerball+jackpot+WINNER&date=now+7-d&geo=ZA,"Tuesday, 28 January 2025",ZA
Shaboozey,1K+,https://trends.google.com//trends/explore?q=Shaboozey&date=now+7-d&geo=ZA,"Tuesday, 28 January 2025",ZA
Alaves,1K+,https://trends.google.com//trends/explore?q=Alaves&date=now+7-d&geo=ZA,"Tuesday, 28 January 2025",ZA
USAID,1K+,https://trends.google.com//trends/explore?q=USAID&date=now+7-d&geo=ZA,"Tuesday, 28 January 2025",ZA
AKA,1K+,https://trends.google.com//trends/explore?q=AKA&date=now+7-d&geo=ZA,"Tuesday, 28 January 2025",ZA
Selena Gomez,1K+,https://trends.google.com//trends/explore?q=Selena+Gomez&date=now+7-d&geo=ZA,"Tuesday, 28 January 2025",ZA
